Year,Season,ONI,Season_Number,ENSO_Class,ONI_Lag1,ONI_Lag2,ONI_Lag3,ONI_Rolling3_Previous
1950,DJF,-1.3,1,La Nina,,,,
1950,JFM,-1.2,2,La Nina,-1.3,,,
1950,FMA,-1.1,3,La Nina,-1.2,-1.3,,
1950,MAM,-1.1,4,La Nina,-1.1,-1.2,-1.3,-1.2
1950,AMJ,-1.1,5,La Nina,-1.1,-1.1,-1.2,-1.1333333333333333
1950,MJJ,-0.9,6,La Nina,-1.1,-1.1,-1.1,-1.1
1950,JJA,-0.6,7,La Nina,-0.9,-1.1,-1.1,-1.0333333333333334
1950,JAS,-0.6,8,La Nina,-0.6,-0.9,-1.1,-0.8666666666666667
1950,ASO,-0.6,9,La Nina,-0.6,-0.6,-0.9,-0.7000000000000001
1950,SON,-0.6,10,La Nina,-0.6,-0.6,-0.6,-0.6
1950,OND,-0.7,11,La Nina,-0.6,-0.6,-0.6,-0.6
1950,NDJ,-0.8,12,La Nina,-0.7,-0.6,-0.6,-0.6333333333333333
1951,DJF,-0.7,1,La Nina,-0.8,-0.7,-0.6,-0.7000000000000001
1951,JFM,-0.4,2,Neutral,-0.7,-0.8,-0.7,-0.7333333333333333
1951,FMA,0.0,3,Neutral,-0.4,-0.7,-0.8,-0.6333333333333334
1951,MAM,0.2,4,Neutral,0.0,-0.4,-0.7,-0.3666666666666667
1951,AMJ,0.3,5,Neutral,0.2,0.0,-0.4,-0.06666666666666667
1951,MJJ,0.5,6,El Nino,0.3,0.2,0.0,0.16666666666666666
1951,JJA,0.7,7,El Nino,0.5,0.3,0.2,0.3333333333333333
1951,JAS,0.9,8,El Nino,0.7,0.5,0.3,0.5
1951,ASO,1.0,9,El Nino,0.9,0.7,0.5,0.7000000000000001
1951,SON,1.0,10,El Nino,1.0,0.9,0.7,0.8666666666666667
1951,OND,1.0,11,El Nino,1.0,1.0,0.9,0.9666666666666667
1951,NDJ,0.7,12,El Nino,1.0,1.0,1.0,1.0
1952,DJF,0.5,1,El Nino,0.7,1.0,1.0,0.9
1952,JFM,0.3,2,Neutral,0.5,0.7,1.0,0.7333333333333334
1952,FMA,0.3,3,Neutral,0.3,0.5,0.7,0.5
1952,MAM,0.2,4,Neutral,0.3,0.3,0.5,0.3666666666666667
1952,AMJ,-0.1,5,Neutral,0.2,0.3,0.3,0.26666666666666666
1952,MJJ,-0.4,6,Neutral,-0.1,0.2,0.3,0.1333333333333333
1952,JJA,-0.4,7,Neutral,-0.4,-0.1,0.2,-0.10000000000000002
1952,JAS,-0.2,8,Neutral,-0.4,-0.4,-0.1,-0.3
1952,ASO,0.0,9,Neutral,-0.2,-0.4,-0.4,-0.3333333333333333
1952,SON,0.0,10,Neutral,0.0,-0.2,-0.4,-0.20000000000000004
1952,OND,-0.1,11,Neutral,0.0,0.0,-0.2,-0.06666666666666667
1952,NDJ,0.1,12,Neutral,-0.1,0.0,0.0,-0.03333333333333333
1953,DJF,0.3,1,Neutral,0.1,-0.1,0.0,0.0
1953,JFM,0.5,2,El Nino,0.3,0.1,-0.1,0.09999999999999999
1953,FMA,0.5,3,El Nino,0.5,0.3,0.1,0.3
1953,MAM,0.6,4,El Nino,0.5,0.5,0.3,0.43333333333333335
1953,AMJ,0.8,5,El Nino,0.6,0.5,0.5,0.5333333333333333
1953,MJJ,0.7,6,El Nino,0.8,0.6,0.5,0.6333333333333333
1953,JJA,0.6,7,El Nino,0.7,0.8,0.6,0.7000000000000001
1953,JAS,0.7,8,El Nino,0.6,0.7,0.8,0.6999999999999998
1953,ASO,0.6,9,El Nino,0.7,0.6,0.7,0.6666666666666666
1953,SON,0.8,10,El Nino,0.6,0.7,0.6,0.6333333333333333
1953,OND,0.5,11,El Nino,0.8,0.6,0.7,0.7000000000000001
1953,NDJ,0.6,12,El Nino,0.5,0.8,0.6,0.6333333333333333
1954,DJF,0.4,1,Neutral,0.6,0.5,0.8,0.6333333333333333
1954,JFM,0.4,2,Neutral,0.4,0.6,0.5,0.5
1954,FMA,0.0,3,Neutral,0.4,0.4,0.6,0.4666666666666666
1954,MAM,-0.3,4,Neutral,0.0,0.4,0.4,0.26666666666666666
1954,AMJ,-0.5,5,La Nina,-0.3,0.0,0.4,0.03333333333333335
1954,MJJ,-0.5,6,La Nina,-0.5,-0.3,0.0,-0.26666666666666666
1954,JJA,-0.7,7,La Nina,-0.5,-0.5,-0.3,-0.43333333333333335
1954,JAS,-0.8,8,La Nina,-0.7,-0.5,-0.5,-0.5666666666666667
1954,ASO,-0.7,9,La Nina,-0.8,-0.7,-0.5,-0.6666666666666666
1954,SON,-0.5,10,La Nina,-0.7,-0.8,-0.7,-0.7333333333333334
1954,OND,-0.4,11,Neutral,-0.5,-0.7,-0.8,-0.6666666666666666
1954,NDJ,-0.4,12,Neutral,-0.4,-0.5,-0.7,-0.5333333333333333
1955,DJF,-0.5,1,La Nina,-0.4,-0.4,-0.5,-0.43333333333333335
1955,JFM,-0.5,2,La Nina,-0.5,-0.4,-0.4,-0.43333333333333335
1955,FMA,-0.6,3,La Nina,-0.5,-0.5,-0.4,-0.4666666666666666
1955,MAM,-0.8,4,La Nina,-0.6,-0.5,-0.5,-0.5333333333333333
1955,AMJ,-0.8,5,La Nina,-0.8,-0.6,-0.5,-0.6333333333333333
1955,MJJ,-0.9,6,La Nina,-0.8,-0.8,-0.6,-0.7333333333333334
1955,JJA,-0.7,7,La Nina,-0.9,-0.8,-0.8,-0.8333333333333334
1955,JAS,-0.9,8,La Nina,-0.7,-0.9,-0.8,-0.8000000000000002
1955,ASO,-1.1,9,La Nina,-0.9,-0.7,-0.9,-0.8333333333333334
1955,SON,-1.4,10,La Nina,-1.1,-0.9,-0.7,-0.9
1955,OND,-1.6,11,La Nina,-1.4,-1.1,-0.9,-1.1333333333333333
1955,NDJ,-1.5,12,La Nina,-1.6,-1.4,-1.1,-1.3666666666666665
1956,DJF,-1.2,1,La Nina,-1.5,-1.6,-1.4,-1.5
1956,JFM,-0.8,2,La Nina,-1.2,-1.5,-1.6,-1.4333333333333333
1956,FMA,-0.6,3,La Nina,-0.8,-1.2,-1.5,-1.1666666666666667
1956,MAM,-0.5,4,La Nina,-0.6,-0.8,-1.2,-0.8666666666666667
1956,AMJ,-0.5,5,La Nina,-0.5,-0.6,-0.8,-0.6333333333333333
1956,MJJ,-0.5,6,La Nina,-0.5,-0.5,-0.6,-0.5333333333333333
1956,JJA,-0.5,7,La Nina,-0.5,-0.5,-0.5,-0.5
1956,JAS,-0.5,8,La Nina,-0.5,-0.5,-0.5,-0.5
1956,ASO,-0.4,9,Neutral,-0.5,-0.5,-0.5,-0.5
1956,SON,-0.4,10,Neutral,-0.4,-0.5,-0.5,-0.4666666666666666
1956,OND,-0.4,11,Neutral,-0.4,-0.4,-0.5,-0.43333333333333335
1956,NDJ,-0.4,12,Neutral,-0.4,-0.4,-0.4,-0.4
1957,DJF,-0.3,1,Neutral,-0.4,-0.4,-0.4,-0.4
1957,JFM,-0.1,2,Neutral,-0.3,-0.4,-0.4,-0.3666666666666667
1957,FMA,0.3,3,Neutral,-0.1,-0.3,-0.4,-0.26666666666666666
1957,MAM,0.6,4,El Nino,0.3,-0.1,-0.3,-0.033333333333333326
1957,AMJ,0.7,5,El Nino,0.6,0.3,-0.1,0.26666666666666666
1957,MJJ,0.8,6,El Nino,0.7,0.6,0.3,0.5333333333333333
1957,JJA,1.0,7,El Nino,0.8,0.7,0.6,0.6999999999999998
1957,JAS,1.0,8,El Nino,1.0,0.8,0.7,0.8333333333333334
1957,ASO,1.1,9,El Nino,1.0,1.0,0.8,0.9333333333333332
1957,SON,1.2,10,El Nino,1.1,1.0,1.0,1.0333333333333334
1957,OND,1.4,11,El Nino,1.2,1.1,1.0,1.0999999999999999
1957,NDJ,1.6,12,El Nino,1.4,1.2,1.1,1.2333333333333334
1958,DJF,1.7,1,El Nino,1.6,1.4,1.2,1.4000000000000001
1958,JFM,1.6,2,El Nino,1.7,1.6,1.4,1.5666666666666664
1958,FMA,1.2,3,El Nino,1.6,1.7,1.6,1.6333333333333335
1958,MAM,0.8,4,El Nino,1.2,1.6,1.7,1.5
1958,AMJ,0.6,5,El Nino,0.8,1.2,1.6,1.2
1958,MJJ,0.5,6,El Nino,0.6,0.8,1.2,0.8666666666666667
1958,JJA,0.4,7,Neutral,0.5,0.6,0.8,0.6333333333333333
1958,JAS,0.3,8,Neutral,0.4,0.5,0.6,0.5
1958,ASO,0.3,9,Neutral,0.3,0.4,0.5,0.39999999999999997
1958,SON,0.3,10,Neutral,0.3,0.3,0.4,0.3333333333333333
1958,OND,0.4,11,Neutral,0.3,0.3,0.3,0.3
1958,NDJ,0.6,12,El Nino,0.4,0.3,0.3,0.3333333333333333
1959,DJF,0.6,1,El Nino,0.6,0.4,0.3,0.4333333333333333
1959,JFM,0.6,2,El Nino,0.6,0.6,0.4,0.5333333333333333
1959,FMA,0.5,3,El Nino,0.6,0.6,0.6,0.6
1959,MAM,0.4,4,Neutral,0.5,0.6,0.6,0.5666666666666665
1959,AMJ,0.2,5,Neutral,0.4,0.5,0.6,0.49999999999999994
1959,MJJ,0.0,6,Neutral,0.2,0.4,0.5,0.36666666666666664
1959,JJA,-0.2,7,Neutral,0.0,0.2,0.4,0.19999999999999996
1959,JAS,-0.2,8,Neutral,-0.2,0.0,0.2,-3.700743415417188e-17
1959,ASO,0.0,9,Neutral,-0.2,-0.2,0.0,-0.1333333333333334
1959,SON,0.1,10,Neutral,0.0,-0.2,-0.2,-0.1333333333333334
1959,OND,0.2,11,Neutral,0.1,0.0,-0.2,-0.033333333333333375
1959,NDJ,0.1,12,Neutral,0.2,0.1,0.0,0.09999999999999998
1960,DJF,0.0,1,Neutral,0.1,0.2,0.1,0.1333333333333333
1960,JFM,0.0,2,Neutral,0.0,0.1,0.2,0.09999999999999998
1960,FMA,0.1,3,Neutral,0.0,0.0,0.1,0.0333333333333333
1960,MAM,0.2,4,Neutral,0.1,0.0,0.0,0.0333333333333333
1960,AMJ,0.0,5,Neutral,0.2,0.1,0.0,0.09999999999999998
1960,MJJ,0.0,6,Neutral,0.0,0.2,0.1,0.09999999999999998
1960,JJA,0.0,7,Neutral,0.0,0.0,0.2,0.06666666666666664
1960,JAS,0.2,8,Neutral,0.0,0.0,0.0,0.0
1960,ASO,0.2,9,Neutral,0.2,0.0,0.0,0.06666666666666664
1960,SON,0.1,10,Neutral,0.2,0.2,0.0,0.1333333333333333
1960,OND,-0.1,11,Neutral,0.1,0.2,0.2,0.16666666666666663
1960,NDJ,-0.1,12,Neutral,-0.1,0.1,0.2,0.06666666666666664
1961,DJF,0.0,1,Neutral,-0.1,-0.1,0.1,-0.033333333333333375
1961,JFM,0.0,2,Neutral,0.0,-0.1,-0.1,-0.06666666666666671
1961,FMA,0.0,3,Neutral,0.0,0.0,-0.1,-0.033333333333333375
1961,MAM,0.1,4,Neutral,0.0,0.0,0.0,0.0
1961,AMJ,0.2,5,Neutral,0.1,0.0,0.0,0.0333333333333333
1961,MJJ,0.2,6,Neutral,0.2,0.1,0.0,0.09999999999999998
1961,JJA,0.1,7,Neutral,0.2,0.2,0.1,0.16666666666666663
1961,JAS,-0.2,8,Neutral,0.1,0.2,0.2,0.16666666666666666
1961,ASO,-0.3,9,Neutral,-0.2,0.1,0.2,0.033333333333333305
1961,SON,-0.2,10,Neutral,-0.3,-0.2,0.1,-0.1333333333333334
1961,OND,-0.1,11,Neutral,-0.2,-0.3,-0.2,-0.23333333333333336
1961,NDJ,0.0,12,Neutral,-0.1,-0.2,-0.3,-0.20000000000000004
1962,DJF,-0.2,1,Neutral,0.0,-0.1,-0.2,-0.10000000000000002
1962,JFM,-0.2,2,Neutral,-0.2,0.0,-0.1,-0.10000000000000002
1962,FMA,-0.1,3,Neutral,-0.2,-0.2,0.0,-0.13333333333333336
1962,MAM,-0.2,4,Neutral,-0.1,-0.2,-0.2,-0.1666666666666667
1962,AMJ,-0.2,5,Neutral,-0.2,-0.1,-0.2,-0.1666666666666667
1962,MJJ,-0.1,6,Neutral,-0.2,-0.2,-0.1,-0.1666666666666667
1962,JJA,0.0,7,Neutral,-0.1,-0.2,-0.2,-0.1666666666666667
1962,JAS,-0.1,8,Neutral,0.0,-0.1,-0.2,-0.10000000000000002
1962,ASO,-0.2,9,Neutral,-0.1,0.0,-0.1,-0.0666666666666667
1962,SON,-0.2,10,Neutral,-0.2,-0.1,0.0,-0.10000000000000002
1962,OND,-0.2,11,Neutral,-0.2,-0.2,-0.1,-0.1666666666666667
1962,NDJ,-0.3,12,Neutral,-0.2,-0.2,-0.2,-0.2
1963,DJF,-0.3,1,Neutral,-0.3,-0.2,-0.2,-0.23333333333333336
1963,JFM,-0.2,2,Neutral,-0.3,-0.3,-0.2,-0.26666666666666666
1963,FMA,0.0,3,Neutral,-0.2,-0.3,-0.3,-0.26666666666666666
1963,MAM,0.1,4,Neutral,0.0,-0.2,-0.3,-0.1666666666666667
1963,AMJ,0.1,5,Neutral,0.1,0.0,-0.2,-0.033333333333333375
1963,MJJ,0.5,6,El Nino,0.1,0.1,0.0,0.06666666666666664
1963,JJA,0.8,7,El Nino,0.5,0.1,0.1,0.2333333333333333
1963,JAS,1.1,8,El Nino,0.8,0.5,0.1,0.4666666666666666
1963,ASO,1.1,9,El Nino,1.1,0.8,0.5,0.7999999999999999
1963,SON,1.1,10,El Nino,1.1,1.1,0.8,1.0
1963,OND,1.2,11,El Nino,1.1,1.1,1.1,1.1
1963,NDJ,1.1,12,El Nino,1.2,1.1,1.1,1.1333333333333335
1964,DJF,0.9,1,El Nino,1.1,1.2,1.1,1.133333333333333
1964,JFM,0.5,2,El Nino,0.9,1.1,1.2,1.0666666666666667
1964,FMA,0.1,3,Neutral,0.5,0.9,1.1,0.8333333333333334
1964,MAM,-0.3,4,Neutral,0.1,0.5,0.9,0.49999999999999994
1964,AMJ,-0.6,5,La Nina,-0.3,0.1,0.5,0.09999999999999994
1964,MJJ,-0.7,6,La Nina,-0.6,-0.3,0.1,-0.2666666666666667
1964,JJA,-0.7,7,La Nina,-0.7,-0.6,-0.3,-0.5333333333333333
1964,JAS,-0.7,8,La Nina,-0.7,-0.7,-0.6,-0.6666666666666666
1964,ASO,-0.7,9,La Nina,-0.7,-0.7,-0.7,-0.7
1964,SON,-0.8,10,La Nina,-0.7,-0.7,-0.7,-0.7
1964,OND,-0.8,11,La Nina,-0.8,-0.7,-0.7,-0.7333333333333334
1964,NDJ,-0.7,12,La Nina,-0.8,-0.8,-0.7,-0.7666666666666667
1965,DJF,-0.5,1,La Nina,-0.7,-0.8,-0.8,-0.7666666666666667
1965,JFM,-0.2,2,Neutral,-0.5,-0.7,-0.8,-0.6666666666666666
1965,FMA,0.0,3,Neutral,-0.2,-0.5,-0.7,-0.46666666666666673
1965,MAM,0.2,4,Neutral,0.0,-0.2,-0.5,-0.2333333333333334
1965,AMJ,0.5,5,El Nino,0.2,0.0,-0.2,-7.401486830834377e-17
1965,MJJ,0.8,6,El Nino,0.5,0.2,0.0,0.23333333333333325
1965,JJA,1.1,7,El Nino,0.8,0.5,0.2,0.49999999999999994
1965,JAS,1.3,8,El Nino,1.1,0.8,0.5,0.7999999999999999
1965,ASO,1.6,9,El Nino,1.3,1.1,0.8,1.0666666666666667
1965,SON,1.7,10,El Nino,1.6,1.3,1.1,1.3333333333333333
1965,OND,1.8,11,El Nino,1.7,1.6,1.3,1.5333333333333332
1965,NDJ,1.6,12,El Nino,1.8,1.7,1.6,1.7
1966,DJF,1.2,1,El Nino,1.6,1.8,1.7,1.7
1966,JFM,1.0,2,El Nino,1.2,1.6,1.8,1.5333333333333332
1966,FMA,0.8,3,El Nino,1.0,1.2,1.6,1.2666666666666666
1966,MAM,0.4,4,Neutral,0.8,1.0,1.2,1.0
1966,AMJ,0.2,5,Neutral,0.4,0.8,1.0,0.7333333333333333
1966,MJJ,0.2,6,Neutral,0.2,0.4,0.8,0.4666666666666666
1966,JJA,0.3,7,Neutral,0.2,0.2,0.4,0.2666666666666666
1966,JAS,0.1,8,Neutral,0.3,0.2,0.2,0.23333333333333325
1966,ASO,-0.1,9,Neutral,0.1,0.3,0.2,0.19999999999999993
1966,SON,-0.1,10,Neutral,-0.1,0.1,0.3,0.09999999999999992
1966,OND,-0.2,11,Neutral,-0.1,-0.1,0.1,-0.03333333333333341
1966,NDJ,-0.3,12,Neutral,-0.2,-0.1,-0.1,-0.13333333333333341
1967,DJF,-0.5,1,La Nina,-0.3,-0.2,-0.1,-0.2000000000000001
1967,JFM,-0.5,2,La Nina,-0.5,-0.3,-0.2,-0.3333333333333334
1967,FMA,-0.5,3,La Nina,-0.5,-0.5,-0.3,-0.4333333333333334
1967,MAM,-0.4,4,Neutral,-0.5,-0.5,-0.5,-0.5
1967,AMJ,-0.1,5,Neutral,-0.4,-0.5,-0.5,-0.46666666666666673
1967,MJJ,0.1,6,Neutral,-0.1,-0.4,-0.5,-0.3333333333333334
1967,JJA,0.0,7,Neutral,0.1,-0.1,-0.4,-0.1333333333333334
1967,JAS,-0.3,8,Neutral,0.0,0.1,-0.1,-7.401486830834377e-17
1967,ASO,-0.4,9,Neutral,-0.3,0.0,0.1,-0.06666666666666674
1967,SON,-0.4,10,Neutral,-0.4,-0.3,0.0,-0.2333333333333334
1967,OND,-0.4,11,Neutral,-0.4,-0.4,-0.3,-0.36666666666666675
1967,NDJ,-0.4,12,Neutral,-0.4,-0.4,-0.4,-0.4
1968,DJF,-0.6,1,La Nina,-0.4,-0.4,-0.4,-0.4
1968,JFM,-0.7,2,La Nina,-0.6,-0.4,-0.4,-0.46666666666666673
1968,FMA,-0.6,3,La Nina,-0.7,-0.6,-0.4,-0.5666666666666668
1968,MAM,-0.5,4,La Nina,-0.6,-0.7,-0.6,-0.6333333333333333
1968,AMJ,-0.1,5,Neutral,-0.5,-0.6,-0.7,-0.6000000000000001
1968,MJJ,0.2,6,Neutral,-0.1,-0.5,-0.6,-0.4000000000000001
1968,JJA,0.4,7,Neutral,0.2,-0.1,-0.5,-0.13333333333333341
1968,JAS,0.4,8,Neutral,0.4,0.2,-0.1,0.1666666666666666
1968,ASO,0.3,9,Neutral,0.4,0.4,0.2,0.33333333333333326
1968,SON,0.5,10,El Nino,0.3,0.4,0.4,0.36666666666666664
1968,OND,0.7,11,El Nino,0.5,0.3,0.4,0.3999999999999999
1968,NDJ,0.9,12,El Nino,0.7,0.5,0.3,0.49999999999999983
1969,DJF,1.0,1,El Nino,0.9,0.7,0.5,0.6999999999999998
1969,JFM,1.0,2,El Nino,1.0,0.9,0.7,0.8666666666666666
1969,FMA,0.8,3,El Nino,1.0,1.0,0.9,0.9666666666666665
1969,MAM,0.7,4,El Nino,0.8,1.0,1.0,0.9333333333333332
1969,AMJ,0.6,5,El Nino,0.7,0.8,1.0,0.8333333333333334
1969,MJJ,0.5,6,El Nino,0.6,0.7,0.8,0.6999999999999998
1969,JJA,0.4,7,Neutral,0.5,0.6,0.7,0.6
1969,JAS,0.4,8,Neutral,0.4,0.5,0.6,0.49999999999999994
1969,ASO,0.6,9,El Nino,0.4,0.4,0.5,0.4333333333333333
1969,SON,0.7,10,El Nino,0.6,0.4,0.4,0.4666666666666666
1969,OND,0.8,11,El Nino,0.7,0.6,0.4,0.5666666666666665
1969,NDJ,0.7,12,El Nino,0.8,0.7,0.6,0.6999999999999998
1970,DJF,0.5,1,El Nino,0.7,0.8,0.7,0.7333333333333333
1970,JFM,0.2,2,Neutral,0.5,0.7,0.8,0.6666666666666666
1970,FMA,0.2,3,Neutral,0.2,0.5,0.7,0.46666666666666656
1970,MAM,0.3,4,Neutral,0.2,0.2,0.5,0.29999999999999993
1970,AMJ,0.1,5,Neutral,0.3,0.2,0.2,0.23333333333333325
1970,MJJ,-0.3,6,Neutral,0.1,0.3,0.2,0.19999999999999993
1970,JJA,-0.5,7,La Nina,-0.3,0.1,0.3,0.03333333333333327
1970,JAS,-0.7,8,La Nina,-0.5,-0.3,0.1,-0.2333333333333334
1970,ASO,-0.7,9,La Nina,-0.7,-0.5,-0.3,-0.5
1970,SON,-0.7,10,La Nina,-0.7,-0.7,-0.5,-0.6333333333333334
1970,OND,-0.8,11,La Nina,-0.7,-0.7,-0.7,-0.7
1970,NDJ,-1.1,12,La Nina,-0.8,-0.7,-0.7,-0.7333333333333334
1971,DJF,-1.3,1,La Nina,-1.1,-0.8,-0.7,-0.8666666666666668
1971,JFM,-1.4,2,La Nina,-1.3,-1.1,-0.8,-1.0666666666666667
1971,FMA,-1.1,3,La Nina,-1.4,-1.3,-1.1,-1.2666666666666668
1971,MAM,-0.8,4,La Nina,-1.1,-1.4,-1.3,-1.2666666666666668
1971,AMJ,-0.7,5,La Nina,-0.8,-1.1,-1.4,-1.1000000000000003
1971,MJJ,-0.7,6,La Nina,-0.7,-0.8,-1.1,-0.8666666666666668
1971,JJA,-0.7,7,La Nina,-0.7,-0.7,-0.8,-0.7333333333333334
1971,JAS,-0.6,8,La Nina,-0.7,-0.7,-0.7,-0.7
1971,ASO,-0.7,9,La Nina,-0.6,-0.7,-0.7,-0.6666666666666669
1971,SON,-0.8,10,La Nina,-0.7,-0.6,-0.7,-0.6666666666666669
1971,OND,-0.9,11,La Nina,-0.8,-0.7,-0.6,-0.7000000000000002
1971,NDJ,-0.8,12,La Nina,-0.9,-0.8,-0.7,-0.8000000000000002
1972,DJF,-0.6,1,La Nina,-0.8,-0.9,-0.8,-0.8333333333333336
1972,JFM,-0.3,2,Neutral,-0.6,-0.8,-0.9,-0.7666666666666667
1972,FMA,0.0,3,Neutral,-0.3,-0.6,-0.8,-0.5666666666666668
1972,MAM,0.3,4,Neutral,0.0,-0.3,-0.6,-0.3000000000000001
1972,AMJ,0.5,5,El Nino,0.3,0.0,-0.3,-1.4802973661668753e-16
1972,MJJ,0.7,6,El Nino,0.5,0.3,0.0,0.26666666666666655
1972,JJA,1.0,7,El Nino,0.7,0.5,0.3,0.49999999999999983
1972,JAS,1.3,8,El Nino,1.0,0.7,0.5,0.7333333333333331
1972,ASO,1.5,9,El Nino,1.3,1.0,0.7,0.9999999999999999
1972,SON,1.7,10,El Nino,1.5,1.3,1.0,1.2666666666666666
1972,OND,1.8,11,El Nino,1.7,1.5,1.3,1.5
1972,NDJ,1.8,12,El Nino,1.8,1.7,1.5,1.6666666666666667
1973,DJF,1.6,1,El Nino,1.8,1.8,1.7,1.7666666666666666
1973,JFM,1.1,2,El Nino,1.6,1.8,1.8,1.7333333333333332
1973,FMA,0.6,3,El Nino,1.1,1.6,1.8,1.5
1973,MAM,0.0,4,Neutral,0.6,1.1,1.6,1.0999999999999999
1973,AMJ,-0.5,5,La Nina,0.0,0.6,1.1,0.5666666666666665
1973,MJJ,-0.8,6,La Nina,-0.5,0.0,0.6,0.03333333333333318
1973,JJA,-1.0,7,La Nina,-0.8,-0.5,0.0,-0.4333333333333335
1973,JAS,-1.1,8,La Nina,-1.0,-0.8,-0.5,-0.7666666666666669
1973,ASO,-1.3,9,La Nina,-1.1,-1.0,-0.8,-0.9666666666666668
1973,SON,-1.6,10,La Nina,-1.3,-1.1,-1.0,-1.1333333333333335
1973,OND,-1.9,11,La Nina,-1.6,-1.3,-1.1,-1.3333333333333333
1973,NDJ,-2.0,12,La Nina,-1.9,-1.6,-1.3,-1.6000000000000003
1974,DJF,-1.9,1,La Nina,-2.0,-1.9,-1.6,-1.8333333333333333
1974,JFM,-1.6,2,La Nina,-1.9,-2.0,-1.9,-1.9333333333333336
1974,FMA,-1.2,3,La Nina,-1.6,-1.9,-2.0,-1.8333333333333333
1974,MAM,-1.0,4,La Nina,-1.2,-1.6,-1.9,-1.5666666666666667
1974,AMJ,-0.7,5,La Nina,-1.0,-1.2,-1.6,-1.2666666666666668
1974,MJJ,-0.6,6,La Nina,-0.7,-1.0,-1.2,-0.9666666666666668
1974,JJA,-0.5,7,La Nina,-0.6,-0.7,-1.0,-0.7666666666666667
1974,JAS,-0.4,8,Neutral,-0.5,-0.6,-0.7,-0.6000000000000001
1974,ASO,-0.5,9,La Nina,-0.4,-0.5,-0.6,-0.5000000000000001
1974,SON,-0.7,10,La Nina,-0.5,-0.4,-0.5,-0.4666666666666668
1974,OND,-0.9,11,La Nina,-0.7,-0.5,-0.4,-0.5333333333333335
1974,NDJ,-0.7,12,La Nina,-0.9,-0.7,-0.5,-0.7000000000000002
1975,DJF,-0.6,1,La Nina,-0.7,-0.9,-0.7,-0.7666666666666669
1975,JFM,-0.5,2,La Nina,-0.6,-0.7,-0.9,-0.7333333333333334
1975,FMA,-0.6,3,La Nina,-0.5,-0.6,-0.7,-0.6000000000000001
1975,MAM,-0.7,4,La Nina,-0.6,-0.5,-0.6,-0.5666666666666668
1975,AMJ,-0.8,5,La Nina,-0.7,-0.6,-0.5,-0.6000000000000002
1975,MJJ,-0.9,6,La Nina,-0.8,-0.7,-0.6,-0.7000000000000002
1975,JJA,-1.1,7,La Nina,-0.9,-0.8,-0.7,-0.8000000000000002
1975,JAS,-1.1,8,La Nina,-1.1,-0.9,-0.8,-0.9333333333333336
1975,ASO,-1.3,9,La Nina,-1.1,-1.1,-0.9,-1.0333333333333334
1975,SON,-1.3,10,La Nina,-1.3,-1.1,-1.1,-1.1666666666666667
1975,OND,-1.5,11,La Nina,-1.3,-1.3,-1.1,-1.2333333333333334
1975,NDJ,-1.6,12,La Nina,-1.5,-1.3,-1.3,-1.366666666666667
1976,DJF,-1.5,1,La Nina,-1.6,-1.5,-1.3,-1.4666666666666668
1976,JFM,-1.1,2,La Nina,-1.5,-1.6,-1.5,-1.5333333333333334
1976,FMA,-0.6,3,La Nina,-1.1,-1.5,-1.6,-1.4000000000000001
1976,MAM,-0.4,4,Neutral,-0.6,-1.1,-1.5,-1.0666666666666667
1976,AMJ,-0.2,5,Neutral,-0.4,-0.6,-1.1,-0.7000000000000002
1976,MJJ,0.0,6,Neutral,-0.2,-0.4,-0.6,-0.4000000000000001
1976,JJA,0.2,7,Neutral,0.0,-0.2,-0.4,-0.2000000000000001
1976,JAS,0.4,8,Neutral,0.2,0.0,-0.2,-7.401486830834377e-17
1976,ASO,0.6,9,El Nino,0.4,0.2,0.0,0.19999999999999996
1976,SON,0.8,10,El Nino,0.6,0.4,0.2,0.3999999999999999
1976,OND,0.8,11,El Nino,0.8,0.6,0.4,0.6
1976,NDJ,0.8,12,El Nino,0.8,0.8,0.6,0.7333333333333333
1977,DJF,0.7,1,El Nino,0.8,0.8,0.8,0.8
1977,JFM,0.7,2,El Nino,0.7,0.8,0.8,0.7666666666666666
1977,FMA,0.3,3,Neutral,0.7,0.7,0.8,0.7333333333333333
1977,MAM,0.3,4,Neutral,0.3,0.7,0.7,0.5666666666666665
1977,AMJ,0.3,5,Neutral,0.3,0.3,0.7,0.4333333333333333
1977,MJJ,0.5,6,El Nino,0.3,0.3,0.3,0.3
1977,JJA,0.4,7,Neutral,0.5,0.3,0.3,0.36666666666666653
1977,JAS,0.4,8,Neutral,0.4,0.5,0.3,0.3999999999999999
1977,ASO,0.5,9,El Nino,0.4,0.4,0.5,0.4333333333333333
1977,SON,0.7,10,El Nino,0.5,0.4,0.4,0.4333333333333333
1977,OND,0.8,11,El Nino,0.7,0.5,0.4,0.5333333333333332
1977,NDJ,0.8,12,El Nino,0.8,0.7,0.5,0.6666666666666665
1978,DJF,0.7,1,El Nino,0.8,0.8,0.7,0.7666666666666666
1978,JFM,0.5,2,El Nino,0.7,0.8,0.8,0.7666666666666666
1978,FMA,0.2,3,Neutral,0.5,0.7,0.8,0.6666666666666665
1978,MAM,-0.1,4,Neutral,0.2,0.5,0.7,0.46666666666666656
1978,AMJ,-0.3,5,Neutral,-0.1,0.2,0.5,0.19999999999999987
1978,MJJ,-0.2,6,Neutral,-0.3,-0.1,0.2,-0.06666666666666676
1978,JJA,-0.4,7,Neutral,-0.2,-0.3,-0.1,-0.2000000000000001
1978,JAS,-0.4,8,Neutral,-0.4,-0.2,-0.3,-0.3000000000000001
1978,ASO,-0.4,9,Neutral,-0.4,-0.4,-0.2,-0.3333333333333335
1978,SON,-0.3,10,Neutral,-0.4,-0.4,-0.4,-0.4
1978,OND,-0.1,11,Neutral,-0.3,-0.4,-0.4,-0.36666666666666675
1978,NDJ,0.1,12,Neutral,-0.1,-0.3,-0.4,-0.2666666666666668
1979,DJF,0.2,1,Neutral,0.1,-0.1,-0.3,-0.10000000000000009
1979,JFM,0.2,2,Neutral,0.2,0.1,-0.1,0.06666666666666658
1979,FMA,0.3,3,Neutral,0.2,0.2,0.1,0.16666666666666657
1979,MAM,0.3,4,Neutral,0.3,0.2,0.2,0.23333333333333325
1979,AMJ,0.3,5,Neutral,0.3,0.3,0.2,0.26666666666666655
1979,MJJ,0.1,6,Neutral,0.3,0.3,0.3,0.3
1979,JJA,0.1,7,Neutral,0.1,0.3,0.3,0.23333333333333325
1979,JAS,0.2,8,Neutral,0.1,0.1,0.3,0.16666666666666657
1979,ASO,0.3,9,Neutral,0.2,0.1,0.1,0.13333333333333325
1979,SON,0.5,10,El Nino,0.3,0.2,0.1,0.19999999999999987
1979,OND,0.5,11,El Nino,0.5,0.3,0.2,0.3333333333333332
1979,NDJ,0.6,12,El Nino,0.5,0.5,0.3,0.4333333333333332
1980,DJF,0.6,1,El Nino,0.6,0.5,0.5,0.5333333333333332
1980,JFM,0.5,2,El Nino,0.6,0.6,0.5,0.5666666666666665
1980,FMA,0.4,3,Neutral,0.5,0.6,0.6,0.5666666666666665
1980,MAM,0.3,4,Neutral,0.4,0.5,0.6,0.49999999999999983
1980,AMJ,0.5,5,El Nino,0.3,0.4,0.5,0.3999999999999999
1980,MJJ,0.4,6,Neutral,0.5,0.3,0.4,0.3999999999999999
1980,JJA,0.2,7,Neutral,0.4,0.5,0.3,0.3999999999999999
1980,JAS,-0.1,8,Neutral,0.2,0.4,0.5,0.36666666666666653
1980,ASO,-0.2,9,Neutral,-0.1,0.2,0.4,0.16666666666666655
1980,SON,-0.1,10,Neutral,-0.2,-0.1,0.2,-0.033333333333333444
1980,OND,0.1,11,Neutral,-0.1,-0.2,-0.1,-0.13333333333333344
1980,NDJ,0.0,12,Neutral,0.1,-0.1,-0.2,-0.06666666666666678
1981,DJF,-0.3,1,Neutral,0.0,0.1,-0.1,-1.1102230246251565e-16
1981,JFM,-0.4,2,Neutral,-0.3,0.0,0.1,-0.06666666666666678
1981,FMA,-0.4,3,Neutral,-0.4,-0.3,0.0,-0.23333333333333348
1981,MAM,-0.3,4,Neutral,-0.4,-0.4,-0.3,-0.36666666666666675
1981,AMJ,-0.3,5,Neutral,-0.3,-0.4,-0.4,-0.36666666666666675
1981,MJJ,-0.3,6,Neutral,-0.3,-0.3,-0.4,-0.3333333333333335
1981,JJA,-0.3,7,Neutral,-0.3,-0.3,-0.3,-0.3
1981,JAS,-0.2,8,Neutral,-0.3,-0.3,-0.3,-0.3
1981,ASO,-0.1,9,Neutral,-0.2,-0.3,-0.3,-0.2666666666666668
1981,SON,-0.2,10,Neutral,-0.1,-0.2,-0.3,-0.2000000000000001
1981,OND,-0.2,11,Neutral,-0.2,-0.1,-0.2,-0.16666666666666677
1981,NDJ,-0.1,12,Neutral,-0.2,-0.2,-0.1,-0.16666666666666677
1982,DJF,0.0,1,Neutral,-0.1,-0.2,-0.2,-0.16666666666666682
1982,JFM,0.0,2,Neutral,0.0,-0.1,-0.2,-0.1000000000000001
1982,FMA,0.1,3,Neutral,0.0,0.0,-0.1,-0.033333333333333444
1982,MAM,0.3,4,Neutral,0.1,0.0,0.0,0.03333333333333322
1982,AMJ,0.7,5,El Nino,0.3,0.1,0.0,0.13333333333333322
1982,MJJ,0.7,6,El Nino,0.7,0.3,0.1,0.36666666666666653
1982,JJA,0.8,7,El Nino,0.7,0.7,0.3,0.5666666666666665
1982,JAS,1.0,8,El Nino,0.8,0.7,0.7,0.7333333333333333
1982,ASO,1.5,9,El Nino,1.0,0.8,0.7,0.8333333333333331
1982,SON,1.8,10,El Nino,1.5,1.0,0.8,1.0999999999999999
1982,OND,2.0,11,El Nino,1.8,1.5,1.0,1.4333333333333333
1982,NDJ,2.1,12,El Nino,2.0,1.8,1.5,1.7666666666666666
1983,DJF,2.1,1,El Nino,2.1,2.0,1.8,1.9666666666666668
1983,JFM,1.9,2,El Nino,2.1,2.1,2.0,2.0666666666666664
1983,FMA,1.5,3,El Nino,1.9,2.1,2.1,2.033333333333333
1983,MAM,1.2,4,El Nino,1.5,1.9,2.1,1.8333333333333333
1983,AMJ,1.0,5,El Nino,1.2,1.5,1.9,1.5333333333333332
1983,MJJ,0.6,6,El Nino,1.0,1.2,1.5,1.2333333333333332
1983,JJA,0.3,7,Neutral,0.6,1.0,1.2,0.9333333333333331
1983,JAS,-0.1,8,Neutral,0.3,0.6,1.0,0.6333333333333332
1983,ASO,-0.4,9,Neutral,-0.1,0.3,0.6,0.2666666666666665
1983,SON,-0.8,10,La Nina,-0.4,-0.1,0.3,-0.06666666666666683
1983,OND,-1.0,11,La Nina,-0.8,-0.4,-0.1,-0.4333333333333335
1983,NDJ,-0.9,12,La Nina,-1.0,-0.8,-0.4,-0.7333333333333335
1984,DJF,-0.6,1,La Nina,-0.9,-1.0,-0.8,-0.9000000000000002
1984,JFM,-0.5,2,La Nina,-0.6,-0.9,-1.0,-0.8333333333333335
1984,FMA,-0.4,3,Neutral,-0.5,-0.6,-0.9,-0.6666666666666669
1984,MAM,-0.5,4,La Nina,-0.4,-0.5,-0.6,-0.5000000000000001
1984,AMJ,-0.5,5,La Nina,-0.5,-0.4,-0.5,-0.4666666666666668
1984,MJJ,-0.5,6,La Nina,-0.5,-0.5,-0.4,-0.4666666666666668
1984,JJA,-0.4,7,Neutral,-0.5,-0.5,-0.5,-0.5
1984,JAS,-0.2,8,Neutral,-0.4,-0.5,-0.5,-0.46666666666666684
1984,ASO,-0.3,9,Neutral,-0.2,-0.4,-0.5,-0.36666666666666686
1984,SON,-0.6,10,La Nina,-0.3,-0.2,-0.4,-0.30000000000000016
1984,OND,-0.9,11,La Nina,-0.6,-0.3,-0.2,-0.36666666666666686
1984,NDJ,-1.1,12,La Nina,-0.9,-0.6,-0.3,-0.6000000000000002
1985,DJF,-1.0,1,La Nina,-1.1,-0.9,-0.6,-0.8666666666666668
1985,JFM,-0.9,2,La Nina,-1.0,-1.1,-0.9,-1.0000000000000002
1985,FMA,-0.8,3,La Nina,-0.9,-1.0,-1.1,-1.0000000000000002
1985,MAM,-0.8,4,La Nina,-0.8,-0.9,-1.0,-0.9000000000000002
1985,AMJ,-0.8,5,La Nina,-0.8,-0.8,-0.9,-0.8333333333333335
1985,MJJ,-0.6,6,La Nina,-0.8,-0.8,-0.8,-0.8
1985,JJA,-0.4,7,Neutral,-0.6,-0.8,-0.8,-0.7333333333333334
1985,JAS,-0.3,8,Neutral,-0.4,-0.6,-0.8,-0.6000000000000002
1985,ASO,-0.3,9,Neutral,-0.3,-0.4,-0.6,-0.4333333333333334
1985,SON,-0.3,10,Neutral,-0.3,-0.3,-0.4,-0.3333333333333335
1985,OND,-0.3,11,Neutral,-0.3,-0.3,-0.3,-0.3
1985,NDJ,-0.4,12,Neutral,-0.3,-0.3,-0.3,-0.3
1986,DJF,-0.4,1,Neutral,-0.4,-0.3,-0.3,-0.3333333333333335
1986,JFM,-0.4,2,Neutral,-0.4,-0.4,-0.3,-0.36666666666666686
1986,FMA,-0.2,3,Neutral,-0.4,-0.4,-0.4,-0.4
1986,MAM,-0.2,4,Neutral,-0.2,-0.4,-0.4,-0.3333333333333335
1986,AMJ,-0.1,5,Neutral,-0.2,-0.2,-0.4,-0.26666666666666683
1986,MJJ,0.0,6,Neutral,-0.1,-0.2,-0.2,-0.16666666666666682
1986,JJA,0.2,7,Neutral,0.0,-0.1,-0.2,-0.10000000000000016
1986,JAS,0.5,8,El Nino,0.2,0.0,-0.1,0.03333333333333319
1986,ASO,0.6,9,El Nino,0.5,0.2,0.0,0.23333333333333317
1986,SON,0.9,10,El Nino,0.6,0.5,0.2,0.4333333333333332
1986,OND,1.1,11,El Nino,0.9,0.6,0.5,0.6666666666666665
1986,NDJ,1.2,12,El Nino,1.1,0.9,0.6,0.8666666666666666
1987,DJF,1.2,1,El Nino,1.2,1.1,0.9,1.0666666666666664
1987,JFM,1.1,2,El Nino,1.2,1.2,1.1,1.1666666666666665
1987,FMA,1.0,3,El Nino,1.1,1.2,1.2,1.1666666666666665
1987,MAM,0.9,4,El Nino,1.0,1.1,1.2,1.0999999999999999
1987,AMJ,1.0,5,El Nino,0.9,1.0,1.1,0.9999999999999999
1987,MJJ,1.1,6,El Nino,1.0,0.9,1.0,0.9666666666666665
1987,JJA,1.3,7,El Nino,1.1,1.0,0.9,0.9999999999999999
1987,JAS,1.5,8,El Nino,1.3,1.1,1.0,1.133333333333333
1987,ASO,1.5,9,El Nino,1.5,1.3,1.1,1.2999999999999998
1987,SON,1.4,10,El Nino,1.5,1.5,1.3,1.4333333333333333
1987,OND,1.2,11,El Nino,1.4,1.5,1.5,1.4666666666666666
1987,NDJ,1.0,12,El Nino,1.2,1.4,1.5,1.3666666666666665
1988,DJF,0.6,1,El Nino,1.0,1.2,1.4,1.2
1988,JFM,0.4,2,Neutral,0.6,1.0,1.2,0.9333333333333331
1988,FMA,0.0,3,Neutral,0.4,0.6,1.0,0.6666666666666665
1988,MAM,-0.4,4,Neutral,0.0,0.4,0.6,0.3333333333333332
1988,AMJ,-1.0,5,La Nina,-0.4,0.0,0.4,-1.4802973661668753e-16
1988,MJJ,-1.3,6,La Nina,-1.0,-0.4,0.0,-0.4666666666666668
1988,JJA,-1.3,7,La Nina,-1.3,-1.0,-0.4,-0.9000000000000002
1988,JAS,-1.1,8,La Nina,-1.3,-1.3,-1.0,-1.2000000000000002
1988,ASO,-1.3,9,La Nina,-1.1,-1.3,-1.3,-1.2333333333333336
1988,SON,-1.5,10,La Nina,-1.3,-1.1,-1.3,-1.2333333333333336
1988,OND,-1.8,11,La Nina,-1.5,-1.3,-1.1,-1.3000000000000003
1988,NDJ,-1.8,12,La Nina,-1.8,-1.5,-1.3,-1.5333333333333334
1989,DJF,-1.6,1,La Nina,-1.8,-1.8,-1.5,-1.7000000000000004
1989,JFM,-1.4,2,La Nina,-1.6,-1.8,-1.8,-1.7333333333333336
1989,FMA,-1.1,3,La Nina,-1.4,-1.6,-1.8,-1.6000000000000003
1989,MAM,-0.8,4,La Nina,-1.1,-1.4,-1.6,-1.3666666666666671
1989,AMJ,-0.6,5,La Nina,-0.8,-1.1,-1.4,-1.1000000000000003
1989,MJJ,-0.4,6,Neutral,-0.6,-0.8,-1.1,-0.8333333333333336
1989,JJA,-0.4,7,Neutral,-0.4,-0.6,-0.8,-0.6000000000000002
1989,JAS,-0.4,8,Neutral,-0.4,-0.4,-0.6,-0.46666666666666695
1989,ASO,-0.3,9,Neutral,-0.4,-0.4,-0.4,-0.4
1989,SON,-0.2,10,Neutral,-0.3,-0.4,-0.4,-0.3666666666666669
1989,OND,-0.1,11,Neutral,-0.2,-0.3,-0.4,-0.3000000000000002
1989,NDJ,0.0,12,Neutral,-0.1,-0.2,-0.3,-0.2000000000000002
1990,DJF,0.2,1,Neutral,0.0,-0.1,-0.2,-0.10000000000000024
1990,JFM,0.2,2,Neutral,0.2,0.0,-0.1,0.03333333333333311
1990,FMA,0.3,3,Neutral,0.2,0.2,0.0,0.1333333333333331
1990,MAM,0.3,4,Neutral,0.3,0.2,0.2,0.2333333333333331
1990,AMJ,0.3,5,Neutral,0.3,0.3,0.2,0.26666666666666644
1990,MJJ,0.3,6,Neutral,0.3,0.3,0.3,0.3
1990,JJA,0.3,7,Neutral,0.3,0.3,0.3,0.3
1990,JAS,0.3,8,Neutral,0.3,0.3,0.3,0.3
1990,ASO,0.3,9,Neutral,0.3,0.3,0.3,0.3
1990,SON,0.3,10,Neutral,0.3,0.3,0.3,0.3
1990,OND,0.3,11,Neutral,0.3,0.3,0.3,0.3
1990,NDJ,0.3,12,Neutral,0.3,0.3,0.3,0.3
1991,DJF,0.4,1,Neutral,0.3,0.3,0.3,0.3
1991,JFM,0.3,2,Neutral,0.4,0.3,0.3,0.3333333333333331
1991,FMA,0.2,3,Neutral,0.3,0.4,0.3,0.3333333333333331
1991,MAM,0.3,4,Neutral,0.2,0.3,0.4,0.29999999999999977
1991,AMJ,0.5,5,El Nino,0.3,0.2,0.3,0.26666666666666644
1991,MJJ,0.6,6,El Nino,0.5,0.3,0.2,0.3333333333333331
1991,JJA,0.8,7,El Nino,0.6,0.5,0.3,0.4666666666666665
1991,JAS,0.7,8,El Nino,0.8,0.6,0.5,0.6333333333333332
1991,ASO,0.7,9,El Nino,0.7,0.8,0.6,0.6999999999999997
1991,SON,0.8,10,El Nino,0.7,0.7,0.8,0.7333333333333331
1991,OND,1.2,11,El Nino,0.8,0.7,0.7,0.7333333333333331
1991,NDJ,1.4,12,El Nino,1.2,0.8,0.7,0.8999999999999998
1992,DJF,1.5,1,El Nino,1.4,1.2,0.8,1.133333333333333
1992,JFM,1.5,2,El Nino,1.5,1.4,1.2,1.3666666666666665
1992,FMA,1.4,3,El Nino,1.5,1.5,1.4,1.4666666666666666
1992,MAM,1.3,4,El Nino,1.4,1.5,1.5,1.4666666666666666
1992,AMJ,1.1,5,El Nino,1.3,1.4,1.5,1.3999999999999997
1992,MJJ,0.7,6,El Nino,1.1,1.3,1.4,1.2666666666666666
1992,JJA,0.4,7,Neutral,0.7,1.1,1.3,1.0333333333333332
1992,JAS,0.1,8,Neutral,0.4,0.7,1.1,0.7333333333333333
1992,ASO,-0.1,9,Neutral,0.1,0.4,0.7,0.39999999999999986
1992,SON,-0.2,10,Neutral,-0.1,0.1,0.4,0.1333333333333332
1992,OND,-0.2,11,Neutral,-0.2,-0.1,0.1,-0.06666666666666682
1992,NDJ,0.0,12,Neutral,-0.2,-0.2,-0.1,-0.16666666666666682
1993,DJF,0.1,1,Neutral,0.0,-0.2,-0.2,-0.1333333333333335
1993,JFM,0.3,2,Neutral,0.1,0.0,-0.2,-0.033333333333333486
1993,FMA,0.5,3,El Nino,0.3,0.1,0.0,0.1333333333333332
1993,MAM,0.7,4,El Nino,0.5,0.3,0.1,0.2999999999999998
1993,AMJ,0.8,5,El Nino,0.7,0.5,0.3,0.49999999999999983
1993,MJJ,0.6,6,El Nino,0.8,0.7,0.5,0.6666666666666665
1993,JJA,0.3,7,Neutral,0.6,0.8,0.7,0.6999999999999998
1993,JAS,0.2,8,Neutral,0.3,0.6,0.8,0.5666666666666665
1993,ASO,0.2,9,Neutral,0.2,0.3,0.6,0.3666666666666665
1993,SON,0.2,10,Neutral,0.2,0.2,0.3,0.23333333333333317
1993,OND,0.2,11,Neutral,0.2,0.2,0.2,0.2
1993,NDJ,0.2,12,Neutral,0.2,0.2,0.2,0.2
1994,DJF,0.1,1,Neutral,0.2,0.2,0.2,0.2
1994,JFM,0.0,2,Neutral,0.1,0.2,0.2,0.1666666666666665
1994,FMA,0.0,3,Neutral,0.0,0.1,0.2,0.09999999999999983
1994,MAM,0.2,4,Neutral,0.0,0.0,0.1,0.03333333333333315
1994,AMJ,0.3,5,Neutral,0.2,0.0,0.0,0.06666666666666649
1994,MJJ,0.2,6,Neutral,0.3,0.2,0.0,0.1666666666666665
1994,JJA,0.3,7,Neutral,0.2,0.3,0.2,0.23333333333333317
1994,JAS,0.3,8,Neutral,0.3,0.2,0.3,0.26666666666666644
1994,ASO,0.5,9,El Nino,0.3,0.3,0.2,0.26666666666666644
1994,SON,0.7,10,El Nino,0.5,0.3,0.3,0.3666666666666665
1994,OND,0.9,11,El Nino,0.7,0.5,0.3,0.4999999999999998
1994,NDJ,1.0,12,El Nino,0.9,0.7,0.5,0.6999999999999997
1995,DJF,0.9,1,El Nino,1.0,0.9,0.7,0.8666666666666664
1995,JFM,0.7,2,El Nino,0.9,1.0,0.9,0.9333333333333331
1995,FMA,0.5,3,El Nino,0.7,0.9,1.0,0.8666666666666664
1995,MAM,0.2,4,Neutral,0.5,0.7,0.9,0.6999999999999997
1995,AMJ,0.0,5,Neutral,0.2,0.5,0.7,0.4666666666666665
1995,MJJ,-0.1,6,Neutral,0.0,0.2,0.5,0.2333333333333331
1995,JJA,-0.3,7,Neutral,-0.1,0.0,0.2,0.03333333333333311
1995,JAS,-0.5,8,La Nina,-0.3,-0.1,0.0,-0.13333333333333355
1995,ASO,-0.8,9,La Nina,-0.5,-0.3,-0.1,-0.3000000000000002
1995,SON,-1.0,10,La Nina,-0.8,-0.5,-0.3,-0.5333333333333335
1995,OND,-1.0,11,La Nina,-1.0,-0.8,-0.5,-0.7666666666666669
1995,NDJ,-1.0,12,La Nina,-1.0,-1.0,-0.8,-0.9333333333333336
1996,DJF,-0.9,1,La Nina,-1.0,-1.0,-1.0,-1.0
1996,JFM,-0.7,2,La Nina,-0.9,-1.0,-1.0,-0.9666666666666669
1996,FMA,-0.5,3,La Nina,-0.7,-0.9,-1.0,-0.8666666666666668
1996,MAM,-0.4,4,Neutral,-0.5,-0.7,-0.9,-0.7000000000000002
1996,AMJ,-0.2,5,Neutral,-0.4,-0.5,-0.7,-0.5333333333333335
1996,MJJ,-0.2,6,Neutral,-0.2,-0.4,-0.5,-0.36666666666666686
1996,JJA,-0.2,7,Neutral,-0.2,-0.2,-0.4,-0.26666666666666683
1996,JAS,-0.3,8,Neutral,-0.2,-0.2,-0.2,-0.2
1996,ASO,-0.3,9,Neutral,-0.3,-0.2,-0.2,-0.23333333333333348
1996,SON,-0.3,10,Neutral,-0.3,-0.3,-0.2,-0.26666666666666683
1996,OND,-0.4,11,Neutral,-0.3,-0.3,-0.3,-0.3
1996,NDJ,-0.4,12,Neutral,-0.4,-0.3,-0.3,-0.3333333333333335
1997,DJF,-0.4,1,Neutral,-0.4,-0.4,-0.3,-0.36666666666666686
1997,JFM,-0.3,2,Neutral,-0.4,-0.4,-0.4,-0.4
1997,FMA,0.0,3,Neutral,-0.3,-0.4,-0.4,-0.36666666666666686
1997,MAM,0.3,4,Neutral,0.0,-0.3,-0.4,-0.23333333333333348
1997,AMJ,0.7,5,El Nino,0.3,0.0,-0.3,-1.4802973661668753e-16
1997,MJJ,1.1,6,El Nino,0.7,0.3,0.0,0.3333333333333332
1997,JJA,1.5,7,El Nino,1.1,0.7,0.3,0.6999999999999998
1997,JAS,1.8,8,El Nino,1.5,1.1,0.7,1.0999999999999999
1997,ASO,2.0,9,El Nino,1.8,1.5,1.1,1.4666666666666666
1997,SON,2.2,10,El Nino,2.0,1.8,1.5,1.7666666666666666
1997,OND,2.3,11,El Nino,2.2,2.0,1.8,2.0
1997,NDJ,2.4,12,El Nino,2.3,2.2,2.0,2.1666666666666665
1998,DJF,2.2,1,El Nino,2.4,2.3,2.2,2.3000000000000003
1998,JFM,1.9,2,El Nino,2.2,2.4,2.3,2.2999999999999994
1998,FMA,1.4,3,El Nino,1.9,2.2,2.4,2.1666666666666665
1998,MAM,1.0,4,El Nino,1.4,1.9,2.2,1.8333333333333333
1998,AMJ,0.4,5,Neutral,1.0,1.4,1.9,1.433333333333333
1998,MJJ,-0.1,6,Neutral,0.4,1.0,1.4,0.9333333333333331
1998,JJA,-0.6,7,La Nina,-0.1,0.4,1.0,0.4333333333333332
1998,JAS,-0.8,8,La Nina,-0.6,-0.1,0.4,-0.10000000000000013
1998,ASO,-1.0,9,La Nina,-0.8,-0.6,-0.1,-0.5000000000000001
1998,SON,-1.1,10,La Nina,-1.0,-0.8,-0.6,-0.8000000000000002
1998,OND,-1.3,11,La Nina,-1.1,-1.0,-0.8,-0.9666666666666668
1998,NDJ,-1.5,12,La Nina,-1.3,-1.1,-1.0,-1.1333333333333335
1999,DJF,-1.5,1,La Nina,-1.5,-1.3,-1.1,-1.3
1999,JFM,-1.2,2,La Nina,-1.5,-1.5,-1.3,-1.4333333333333336
1999,FMA,-0.9,3,La Nina,-1.2,-1.5,-1.5,-1.4000000000000001
1999,MAM,-0.8,4,La Nina,-0.9,-1.2,-1.5,-1.2000000000000002
1999,AMJ,-0.8,5,La Nina,-0.8,-0.9,-1.2,-0.9666666666666668
1999,MJJ,-0.8,6,La Nina,-0.8,-0.8,-0.9,-0.8333333333333335
1999,JJA,-0.9,7,La Nina,-0.8,-0.8,-0.8,-0.8
1999,JAS,-0.9,8,La Nina,-0.9,-0.8,-0.8,-0.8333333333333335
1999,ASO,-1.0,9,La Nina,-0.9,-0.9,-0.8,-0.8666666666666668
1999,SON,-1.1,10,La Nina,-1.0,-0.9,-0.9,-0.9333333333333335
1999,OND,-1.3,11,La Nina,-1.1,-1.0,-0.9,-1.0000000000000002
1999,NDJ,-1.5,12,La Nina,-1.3,-1.1,-1.0,-1.1333333333333335
2000,DJF,-1.5,1,La Nina,-1.5,-1.3,-1.1,-1.3
2000,JFM,-1.3,2,La Nina,-1.5,-1.5,-1.3,-1.4333333333333336
2000,FMA,-1.0,3,La Nina,-1.3,-1.5,-1.5,-1.4333333333333336
2000,MAM,-0.8,4,La Nina,-1.0,-1.3,-1.5,-1.2666666666666668
2000,AMJ,-0.7,5,La Nina,-0.8,-1.0,-1.3,-1.0333333333333334
2000,MJJ,-0.6,6,La Nina,-0.7,-0.8,-1.0,-0.8333333333333335
2000,JJA,-0.5,7,La Nina,-0.6,-0.7,-0.8,-0.7000000000000002
2000,JAS,-0.4,8,Neutral,-0.5,-0.6,-0.7,-0.6000000000000001
2000,ASO,-0.4,9,Neutral,-0.4,-0.5,-0.6,-0.5000000000000001
2000,SON,-0.5,10,La Nina,-0.4,-0.4,-0.5,-0.4333333333333335
2000,OND,-0.8,11,La Nina,-0.5,-0.4,-0.4,-0.4333333333333335
2000,NDJ,-0.8,12,La Nina,-0.8,-0.5,-0.4,-0.5666666666666669
2001,DJF,-0.8,1,La Nina,-0.8,-0.8,-0.5,-0.7000000000000002
2001,JFM,-0.5,2,La Nina,-0.8,-0.8,-0.8,-0.8
2001,FMA,-0.4,3,Neutral,-0.5,-0.8,-0.8,-0.7000000000000002
2001,MAM,-0.3,4,Neutral,-0.4,-0.5,-0.8,-0.5666666666666669
2001,AMJ,-0.2,5,Neutral,-0.3,-0.4,-0.5,-0.40000000000000013
2001,MJJ,-0.1,6,Neutral,-0.2,-0.3,-0.4,-0.30000000000000016
2001,JJA,0.0,7,Neutral,-0.1,-0.2,-0.3,-0.20000000000000015
2001,JAS,-0.1,8,Neutral,0.0,-0.1,-0.2,-0.10000000000000016
2001,ASO,-0.1,9,Neutral,-0.1,0.0,-0.1,-0.06666666666666682
2001,SON,-0.3,10,Neutral,-0.1,-0.1,0.0,-0.06666666666666682
2001,OND,-0.3,11,Neutral,-0.3,-0.1,-0.1,-0.16666666666666682
2001,NDJ,-0.3,12,Neutral,-0.3,-0.3,-0.1,-0.23333333333333348
2002,DJF,-0.1,1,Neutral,-0.3,-0.3,-0.3,-0.3
2002,JFM,0.1,2,Neutral,-0.1,-0.3,-0.3,-0.23333333333333348
2002,FMA,0.1,3,Neutral,0.1,-0.1,-0.3,-0.10000000000000014
2002,MAM,0.2,4,Neutral,0.1,0.1,-0.1,0.03333333333333319
2002,AMJ,0.3,5,Neutral,0.2,0.1,0.1,0.1333333333333332
2002,MJJ,0.5,6,El Nino,0.3,0.2,0.1,0.19999999999999987
2002,JJA,0.6,7,El Nino,0.5,0.3,0.2,0.3333333333333332
2002,JAS,0.6,8,El Nino,0.6,0.5,0.3,0.4666666666666665
2002,ASO,0.8,9,El Nino,0.6,0.6,0.5,0.5666666666666665
2002,SON,1.0,10,El Nino,0.8,0.6,0.6,0.6666666666666665
2002,OND,1.2,11,El Nino,1.0,0.8,0.6,0.7999999999999998
2002,NDJ,1.1,12,El Nino,1.2,1.0,0.8,0.9999999999999999
2003,DJF,0.9,1,El Nino,1.1,1.2,1.0,1.0999999999999999
2003,JFM,0.6,2,El Nino,0.9,1.1,1.2,1.0666666666666667
2003,FMA,0.4,3,Neutral,0.6,0.9,1.1,0.8666666666666666
2003,MAM,0.0,4,Neutral,0.4,0.6,0.9,0.6333333333333332
2003,AMJ,-0.2,5,Neutral,0.0,0.4,0.6,0.3333333333333332
2003,MJJ,-0.1,6,Neutral,-0.2,0.0,0.4,0.06666666666666653
2003,JJA,0.1,7,Neutral,-0.1,-0.2,0.0,-0.10000000000000016
2003,JAS,0.1,8,Neutral,0.1,-0.1,-0.2,-0.06666666666666682
2003,ASO,0.2,9,Neutral,0.1,0.1,-0.1,0.03333333333333319
2003,SON,0.2,10,Neutral,0.2,0.1,0.1,0.1333333333333332
2003,OND,0.3,11,Neutral,0.2,0.2,0.1,0.16666666666666655
2003,NDJ,0.3,12,Neutral,0.3,0.2,0.2,0.23333333333333317
2004,DJF,0.3,1,Neutral,0.3,0.3,0.2,0.26666666666666655
2004,JFM,0.3,2,Neutral,0.3,0.3,0.3,0.3
2004,FMA,0.2,3,Neutral,0.3,0.3,0.3,0.3
2004,MAM,0.1,4,Neutral,0.2,0.3,0.3,0.2666666666666665
2004,AMJ,0.1,5,Neutral,0.1,0.2,0.3,0.19999999999999984
2004,MJJ,0.2,6,Neutral,0.1,0.1,0.2,0.1333333333333332
2004,JJA,0.4,7,Neutral,0.2,0.1,0.1,0.1333333333333332
2004,JAS,0.5,8,El Nino,0.4,0.2,0.1,0.2333333333333332
2004,ASO,0.6,9,El Nino,0.5,0.4,0.2,0.36666666666666653
2004,SON,0.6,10,El Nino,0.6,0.5,0.4,0.49999999999999983
2004,OND,0.6,11,El Nino,0.6,0.6,0.5,0.5666666666666665
2004,NDJ,0.7,12,El Nino,0.6,0.6,0.6,0.6
2005,DJF,0.6,1,El Nino,0.7,0.6,0.6,0.6333333333333332
2005,JFM,0.6,2,El Nino,0.6,0.7,0.6,0.6333333333333332
2005,FMA,0.4,3,Neutral,0.6,0.6,0.7,0.6333333333333332
2005,MAM,0.4,4,Neutral,0.4,0.6,0.6,0.5333333333333332
2005,AMJ,0.3,5,Neutral,0.4,0.4,0.6,0.4666666666666665
2005,MJJ,0.1,6,Neutral,0.3,0.4,0.4,0.36666666666666653
2005,JJA,0.0,7,Neutral,0.1,0.3,0.4,0.26666666666666655
2005,JAS,-0.1,8,Neutral,0.0,0.1,0.3,0.1333333333333332
2005,ASO,-0.1,9,Neutral,-0.1,0.0,0.1,-1.4802973661668753e-16
2005,SON,-0.3,10,Neutral,-0.1,-0.1,0.0,-0.06666666666666682
2005,OND,-0.6,11,La Nina,-0.3,-0.1,-0.1,-0.16666666666666682
2005,NDJ,-0.8,12,La Nina,-0.6,-0.3,-0.1,-0.3333333333333335
2006,DJF,-0.9,1,La Nina,-0.8,-0.6,-0.3,-0.5666666666666668
2006,JFM,-0.8,2,La Nina,-0.9,-0.8,-0.6,-0.7666666666666667
2006,FMA,-0.6,3,La Nina,-0.8,-0.9,-0.8,-0.8333333333333335
2006,MAM,-0.4,4,Neutral,-0.6,-0.8,-0.9,-0.7666666666666669
2006,AMJ,-0.2,5,Neutral,-0.4,-0.6,-0.8,-0.6000000000000002
2006,MJJ,0.0,6,Neutral,-0.2,-0.4,-0.6,-0.40000000000000013
2006,JJA,0.1,7,Neutral,0.0,-0.2,-0.4,-0.20000000000000018
2006,JAS,0.3,8,Neutral,0.1,0.0,-0.2,-0.033333333333333486
2006,ASO,0.5,9,El Nino,0.3,0.1,0.0,0.1333333333333332
2006,SON,0.7,10,El Nino,0.5,0.3,0.1,0.2999999999999998
2006,OND,0.9,11,El Nino,0.7,0.5,0.3,0.49999999999999983
2006,NDJ,0.9,12,El Nino,0.9,0.7,0.5,0.6999999999999998
2007,DJF,0.6,1,El Nino,0.9,0.9,0.7,0.8333333333333331
2007,JFM,0.2,2,Neutral,0.6,0.9,0.9,0.7999999999999998
2007,FMA,-0.1,3,Neutral,0.2,0.6,0.9,0.5666666666666665
2007,MAM,-0.3,4,Neutral,-0.1,0.2,0.6,0.23333333333333314
2007,AMJ,-0.3,5,Neutral,-0.3,-0.1,0.2,-0.06666666666666683
2007,MJJ,-0.4,6,Neutral,-0.3,-0.3,-0.1,-0.2333333333333335
2007,JJA,-0.5,7,La Nina,-0.4,-0.3,-0.3,-0.3333333333333335
2007,JAS,-0.8,8,La Nina,-0.5,-0.4,-0.3,-0.4000000000000002
2007,ASO,-1.0,9,La Nina,-0.8,-0.5,-0.4,-0.5666666666666669
2007,SON,-1.4,10,La Nina,-1.0,-0.8,-0.5,-0.7666666666666669
2007,OND,-1.6,11,La Nina,-1.4,-1.0,-0.8,-1.0666666666666669
2007,NDJ,-1.7,12,La Nina,-1.6,-1.4,-1.0,-1.3333333333333333
2008,DJF,-1.8,1,La Nina,-1.7,-1.6,-1.4,-1.5666666666666667
2008,JFM,-1.6,2,La Nina,-1.8,-1.7,-1.6,-1.7000000000000004
2008,FMA,-1.4,3,La Nina,-1.6,-1.8,-1.7,-1.7000000000000002
2008,MAM,-1.0,4,La Nina,-1.4,-1.6,-1.8,-1.6000000000000003
2008,AMJ,-0.8,5,La Nina,-1.0,-1.4,-1.6,-1.3333333333333337
2008,MJJ,-0.6,6,La Nina,-0.8,-1.0,-1.4,-1.0666666666666667
2008,JJA,-0.3,7,Neutral,-0.6,-0.8,-1.0,-0.8000000000000003
2008,JAS,-0.2,8,Neutral,-0.3,-0.6,-0.8,-0.5666666666666669
2008,ASO,-0.2,9,Neutral,-0.2,-0.3,-0.6,-0.36666666666666686
2008,SON,-0.4,10,Neutral,-0.2,-0.2,-0.3,-0.23333333333333353
2008,OND,-0.6,11,La Nina,-0.4,-0.2,-0.2,-0.2666666666666669
2008,NDJ,-0.8,12,La Nina,-0.6,-0.4,-0.2,-0.4000000000000002
2009,DJF,-0.9,1,La Nina,-0.8,-0.6,-0.4,-0.6000000000000002
2009,JFM,-0.8,2,La Nina,-0.9,-0.8,-0.6,-0.7666666666666669
2009,FMA,-0.6,3,La Nina,-0.8,-0.9,-0.8,-0.8333333333333336
2009,MAM,-0.3,4,Neutral,-0.6,-0.8,-0.9,-0.7666666666666669
2009,AMJ,0.0,5,Neutral,-0.3,-0.6,-0.8,-0.5666666666666669
2009,MJJ,0.3,6,Neutral,0.0,-0.3,-0.6,-0.3000000000000002
2009,JJA,0.5,7,El Nino,0.3,0.0,-0.3,-2.220446049250313e-16
2009,JAS,0.6,8,El Nino,0.5,0.3,0.0,0.26666666666666644
2009,ASO,0.7,9,El Nino,0.6,0.5,0.3,0.4666666666666665
2009,SON,0.9,10,El Nino,0.7,0.6,0.5,0.5999999999999998
2009,OND,1.3,11,El Nino,0.9,0.7,0.6,0.7333333333333331
2009,NDJ,1.5,12,El Nino,1.3,0.9,0.7,0.9666666666666665
2010,DJF,1.5,1,El Nino,1.5,1.3,0.9,1.2333333333333332
2010,JFM,1.2,2,El Nino,1.5,1.5,1.3,1.433333333333333
2010,FMA,0.9,3,El Nino,1.2,1.5,1.5,1.3999999999999997
2010,MAM,0.4,4,Neutral,0.9,1.2,1.5,1.2
2010,AMJ,-0.2,5,Neutral,0.4,0.9,1.2,0.8333333333333331
2010,MJJ,-0.7,6,La Nina,-0.2,0.4,0.9,0.36666666666666653
2010,JJA,-1.0,7,La Nina,-0.7,-0.2,0.4,-0.16666666666666677
2010,JAS,-1.2,8,La Nina,-1.0,-0.7,-0.2,-0.6333333333333334
2010,ASO,-1.4,9,La Nina,-1.2,-1.0,-0.7,-0.9666666666666668
2010,SON,-1.5,10,La Nina,-1.4,-1.2,-1.0,-1.2
2010,OND,-1.6,11,La Nina,-1.5,-1.4,-1.2,-1.366666666666667
2010,NDJ,-1.5,12,La Nina,-1.6,-1.5,-1.4,-1.5
2011,DJF,-1.3,1,La Nina,-1.5,-1.6,-1.5,-1.5333333333333334
2011,JFM,-1.1,2,La Nina,-1.3,-1.5,-1.6,-1.4666666666666668
2011,FMA,-0.8,3,La Nina,-1.1,-1.3,-1.5,-1.3
2011,MAM,-0.7,4,La Nina,-0.8,-1.1,-1.3,-1.0666666666666669
2011,AMJ,-0.5,5,La Nina,-0.7,-0.8,-1.1,-0.8666666666666668
2011,MJJ,-0.3,6,Neutral,-0.5,-0.7,-0.8,-0.6666666666666669
2011,JJA,-0.4,7,Neutral,-0.3,-0.5,-0.7,-0.5000000000000001
2011,JAS,-0.5,8,La Nina,-0.4,-0.3,-0.5,-0.40000000000000013
2011,ASO,-0.8,9,La Nina,-0.5,-0.4,-0.3,-0.40000000000000013
2011,SON,-0.9,10,La Nina,-0.8,-0.5,-0.4,-0.5666666666666668
2011,OND,-1.0,11,La Nina,-0.9,-0.8,-0.5,-0.7333333333333335
2011,NDJ,-0.9,12,La Nina,-1.0,-0.9,-0.8,-0.9000000000000002
2012,DJF,-0.7,1,La Nina,-0.9,-1.0,-0.9,-0.9333333333333336
2012,JFM,-0.6,2,La Nina,-0.7,-0.9,-1.0,-0.8666666666666668
2012,FMA,-0.4,3,Neutral,-0.6,-0.7,-0.9,-0.7333333333333335
2012,MAM,-0.3,4,Neutral,-0.4,-0.6,-0.7,-0.5666666666666669
2012,AMJ,-0.2,5,Neutral,-0.3,-0.4,-0.6,-0.4333333333333335
2012,MJJ,0.0,6,Neutral,-0.2,-0.3,-0.4,-0.3000000000000002
2012,JJA,0.3,7,Neutral,0.0,-0.2,-0.3,-0.16666666666666685
2012,JAS,0.4,8,Neutral,0.3,0.0,-0.2,0.03333333333333314
2012,ASO,0.4,9,Neutral,0.4,0.3,0.0,0.23333333333333317
2012,SON,0.3,10,Neutral,0.4,0.4,0.3,0.3666666666666665
2012,OND,0.1,11,Neutral,0.3,0.4,0.4,0.3666666666666665
2012,NDJ,0.0,12,Neutral,0.1,0.3,0.4,0.2666666666666665
2013,DJF,-0.2,1,Neutral,0.0,0.1,0.3,0.13333333333333316
2013,JFM,-0.3,2,Neutral,-0.2,0.0,0.1,-0.03333333333333352
2013,FMA,-0.2,3,Neutral,-0.3,-0.2,0.0,-0.16666666666666685
2013,MAM,-0.2,4,Neutral,-0.2,-0.3,-0.2,-0.23333333333333353
2013,AMJ,-0.3,5,Neutral,-0.2,-0.2,-0.3,-0.23333333333333353
2013,MJJ,-0.4,6,Neutral,-0.3,-0.2,-0.2,-0.23333333333333353
2013,JJA,-0.4,7,Neutral,-0.4,-0.3,-0.2,-0.3000000000000002
2013,JAS,-0.3,8,Neutral,-0.4,-0.4,-0.3,-0.36666666666666686
2013,ASO,-0.3,9,Neutral,-0.3,-0.4,-0.4,-0.36666666666666686
2013,SON,-0.1,10,Neutral,-0.3,-0.3,-0.4,-0.33333333333333354
2013,OND,-0.1,11,Neutral,-0.1,-0.3,-0.3,-0.2333333333333335
2013,NDJ,-0.1,12,Neutral,-0.1,-0.1,-0.3,-0.16666666666666685
2014,DJF,-0.2,1,Neutral,-0.1,-0.1,-0.1,-0.1
2014,JFM,-0.2,2,Neutral,-0.2,-0.1,-0.1,-0.13333333333333353
2014,FMA,0.0,3,Neutral,-0.2,-0.2,-0.1,-0.16666666666666688
2014,MAM,0.3,4,Neutral,0.0,-0.2,-0.2,-0.13333333333333353
2014,AMJ,0.4,5,Neutral,0.3,0.0,-0.2,0.03333333333333314
2014,MJJ,0.2,6,Neutral,0.4,0.3,0.0,0.23333333333333317
2014,JJA,0.1,7,Neutral,0.2,0.4,0.3,0.2999999999999998
2014,JAS,0.1,8,Neutral,0.1,0.2,0.4,0.23333333333333314
2014,ASO,0.2,9,Neutral,0.1,0.1,0.2,0.13333333333333316
2014,SON,0.5,10,El Nino,0.2,0.1,0.1,0.13333333333333316
2014,OND,0.7,11,El Nino,0.5,0.2,0.1,0.2666666666666665
2014,NDJ,0.8,12,El Nino,0.7,0.5,0.2,0.4666666666666665
2015,DJF,0.7,1,El Nino,0.8,0.7,0.5,0.6666666666666664
2015,JFM,0.7,2,El Nino,0.7,0.8,0.7,0.7333333333333331
2015,FMA,0.7,3,El Nino,0.7,0.7,0.8,0.7333333333333331
2015,MAM,0.9,4,El Nino,0.7,0.7,0.7,0.7
2015,AMJ,1.0,5,El Nino,0.9,0.7,0.7,0.7666666666666665
2015,MJJ,1.2,6,El Nino,1.0,0.9,0.7,0.8666666666666666
2015,JJA,1.4,7,El Nino,1.2,1.0,0.9,1.033333333333333
2015,JAS,1.7,8,El Nino,1.4,1.2,1.0,1.1999999999999997
2015,ASO,2.0,9,El Nino,1.7,1.4,1.2,1.433333333333333
2015,SON,2.3,10,El Nino,2.0,1.7,1.4,1.6999999999999995
2015,OND,2.5,11,El Nino,2.3,2.0,1.7,1.9999999999999998
2015,NDJ,2.6,12,El Nino,2.5,2.3,2.0,2.266666666666666
2016,DJF,2.5,1,El Nino,2.6,2.5,2.3,2.4666666666666663
2016,JFM,2.2,2,El Nino,2.5,2.6,2.5,2.533333333333333
2016,FMA,1.7,3,El Nino,2.2,2.5,2.6,2.433333333333333
2016,MAM,1.1,4,El Nino,1.7,2.2,2.5,2.1333333333333333
2016,AMJ,0.6,5,El Nino,1.1,1.7,2.2,1.6666666666666663
2016,MJJ,0.1,6,Neutral,0.6,1.1,1.7,1.133333333333333
2016,JJA,-0.2,7,Neutral,0.1,0.6,1.1,0.5999999999999998
2016,JAS,-0.3,8,Neutral,-0.2,0.1,0.6,0.16666666666666638
2016,ASO,-0.4,9,Neutral,-0.3,-0.2,0.1,-0.13333333333333364
2016,SON,-0.5,10,La Nina,-0.4,-0.3,-0.2,-0.3000000000000003
2016,OND,-0.5,11,La Nina,-0.5,-0.4,-0.3,-0.40000000000000036
2016,NDJ,-0.4,12,Neutral,-0.5,-0.5,-0.4,-0.46666666666666695
2017,DJF,-0.1,1,Neutral,-0.4,-0.5,-0.5,-0.466666666666667
2017,JFM,0.1,2,Neutral,-0.1,-0.4,-0.5,-0.33333333333333365
2017,FMA,0.3,3,Neutral,0.1,-0.1,-0.4,-0.13333333333333364
2017,MAM,0.3,4,Neutral,0.3,0.1,-0.1,0.0999999999999997
2017,AMJ,0.4,5,Neutral,0.3,0.3,0.1,0.23333333333333303
2017,MJJ,0.3,6,Neutral,0.4,0.3,0.3,0.33333333333333304
2017,JJA,0.1,7,Neutral,0.3,0.4,0.3,0.33333333333333304
2017,JAS,-0.1,8,Neutral,0.1,0.3,0.4,0.26666666666666633
2017,ASO,-0.2,9,Neutral,-0.1,0.1,0.3,0.0999999999999997
2017,SON,-0.4,10,Neutral,-0.2,-0.1,0.1,-0.06666666666666697
2017,OND,-0.6,11,La Nina,-0.4,-0.2,-0.1,-0.23333333333333364
2017,NDJ,-0.8,12,La Nina,-0.6,-0.4,-0.2,-0.40000000000000036
2018,DJF,-0.7,1,La Nina,-0.8,-0.6,-0.4,-0.6000000000000002
2018,JFM,-0.7,2,La Nina,-0.7,-0.8,-0.6,-0.7000000000000003
2018,FMA,-0.5,3,La Nina,-0.7,-0.7,-0.8,-0.7333333333333335
2018,MAM,-0.3,4,Neutral,-0.5,-0.7,-0.7,-0.6333333333333336
2018,AMJ,-0.1,5,Neutral,-0.3,-0.5,-0.7,-0.5000000000000002
2018,MJJ,0.1,6,Neutral,-0.1,-0.3,-0.5,-0.3000000000000003
2018,JJA,0.2,7,Neutral,0.1,-0.1,-0.3,-0.1000000000000003
2018,JAS,0.3,8,Neutral,0.2,0.1,-0.1,0.06666666666666637
2018,ASO,0.5,9,El Nino,0.3,0.2,0.1,0.19999999999999973
2018,SON,0.8,10,El Nino,0.5,0.3,0.2,0.33333333333333304
2018,OND,1.0,11,El Nino,0.8,0.5,0.3,0.5333333333333331
2018,NDJ,1.1,12,El Nino,1.0,0.8,0.5,0.7666666666666663
2019,DJF,1.0,1,El Nino,1.1,1.0,0.8,0.9666666666666665
2019,JFM,0.9,2,El Nino,1.0,1.1,1.0,1.0333333333333332
2019,FMA,0.9,3,El Nino,0.9,1.0,1.1,0.9999999999999999
2019,MAM,0.8,4,El Nino,0.9,0.9,1.0,0.933333333333333
2019,AMJ,0.7,5,El Nino,0.8,0.9,0.9,0.8666666666666664
2019,MJJ,0.6,6,El Nino,0.7,0.8,0.9,0.7999999999999998
2019,JJA,0.4,7,Neutral,0.6,0.7,0.8,0.6999999999999997
2019,JAS,0.2,8,Neutral,0.4,0.6,0.7,0.5666666666666663
2019,ASO,0.3,9,Neutral,0.2,0.4,0.6,0.3999999999999997
2019,SON,0.5,10,El Nino,0.3,0.2,0.4,0.2999999999999997
2019,OND,0.7,11,El Nino,0.5,0.3,0.2,0.33333333333333304
2019,NDJ,0.8,12,El Nino,0.7,0.5,0.3,0.4999999999999997
2020,DJF,0.7,1,El Nino,0.8,0.7,0.5,0.6666666666666664
2020,JFM,0.7,2,El Nino,0.7,0.8,0.7,0.7333333333333331
2020,FMA,0.6,3,El Nino,0.7,0.7,0.8,0.7333333333333331
2020,MAM,0.3,4,Neutral,0.6,0.7,0.7,0.6666666666666664
2020,AMJ,0.0,5,Neutral,0.3,0.6,0.7,0.533333333333333
2020,MJJ,-0.2,6,Neutral,0.0,0.3,0.6,0.29999999999999966
2020,JJA,-0.3,7,Neutral,-0.2,0.0,0.3,0.03333333333333303
2020,JAS,-0.4,8,Neutral,-0.3,-0.2,0.0,-0.16666666666666696
2020,ASO,-0.8,9,La Nina,-0.4,-0.3,-0.2,-0.3000000000000003
2020,SON,-1.0,10,La Nina,-0.8,-0.4,-0.3,-0.5000000000000003
2020,OND,-1.1,11,La Nina,-1.0,-0.8,-0.4,-0.7333333333333337
2020,NDJ,-1.1,12,La Nina,-1.1,-1.0,-0.8,-0.9666666666666671
2021,DJF,-1.0,1,La Nina,-1.1,-1.1,-1.0,-1.066666666666667
2021,JFM,-0.9,2,La Nina,-1.0,-1.1,-1.1,-1.066666666666667
2021,FMA,-0.7,3,La Nina,-0.9,-1.0,-1.1,-1.0000000000000002
2021,MAM,-0.6,4,La Nina,-0.7,-0.9,-1.0,-0.866666666666667
2021,AMJ,-0.4,5,Neutral,-0.6,-0.7,-0.9,-0.7333333333333337
2021,MJJ,-0.3,6,Neutral,-0.4,-0.6,-0.7,-0.566666666666667
2021,JJA,-0.3,7,Neutral,-0.3,-0.4,-0.6,-0.43333333333333357
2021,JAS,-0.5,8,La Nina,-0.3,-0.3,-0.4,-0.33333333333333365
2021,ASO,-0.6,9,La Nina,-0.5,-0.3,-0.3,-0.366666666666667
2021,SON,-0.8,10,La Nina,-0.6,-0.5,-0.3,-0.46666666666666695
2021,OND,-0.9,11,La Nina,-0.8,-0.6,-0.5,-0.6333333333333336
2021,NDJ,-0.8,12,La Nina,-0.9,-0.8,-0.6,-0.7666666666666669
2022,DJF,-0.8,1,La Nina,-0.8,-0.9,-0.8,-0.8333333333333336
2022,JFM,-0.7,2,La Nina,-0.8,-0.8,-0.9,-0.8333333333333336
2022,FMA,-0.8,3,La Nina,-0.7,-0.8,-0.8,-0.766666666666667
2022,MAM,-0.9,4,La Nina,-0.8,-0.7,-0.8,-0.7666666666666669
2022,AMJ,-0.8,5,La Nina,-0.9,-0.8,-0.7,-0.8000000000000004
2022,MJJ,-0.7,6,La Nina,-0.8,-0.9,-0.8,-0.8333333333333336
2022,JJA,-0.7,7,La Nina,-0.7,-0.8,-0.9,-0.8000000000000004
2022,JAS,-0.8,8,La Nina,-0.7,-0.7,-0.8,-0.7333333333333337
2022,ASO,-0.9,9,La Nina,-0.8,-0.7,-0.7,-0.7333333333333337
2022,SON,-0.9,10,La Nina,-0.9,-0.8,-0.7,-0.8000000000000003
2022,OND,-0.8,11,La Nina,-0.9,-0.9,-0.8,-0.866666666666667
2022,NDJ,-0.7,12,La Nina,-0.8,-0.9,-0.9,-0.866666666666667
2023,DJF,-0.5,1,La Nina,-0.7,-0.8,-0.9,-0.8000000000000004
2023,JFM,-0.3,2,Neutral,-0.5,-0.7,-0.8,-0.666666666666667
2023,FMA,-0.1,3,Neutral,-0.3,-0.5,-0.7,-0.5000000000000003
2023,MAM,0.2,4,Neutral,-0.1,-0.3,-0.5,-0.3000000000000003
2023,AMJ,0.5,5,El Nino,0.2,-0.1,-0.3,-0.06666666666666696
2023,MJJ,0.7,6,El Nino,0.5,0.2,-0.1,0.1999999999999997
2023,JJA,1.0,7,El Nino,0.7,0.5,0.2,0.46666666666666634
2023,JAS,1.3,8,El Nino,1.0,0.7,0.5,0.7333333333333331
2023,ASO,1.5,9,El Nino,1.3,1.0,0.7,0.9999999999999997
2023,SON,1.7,10,El Nino,1.5,1.3,1.0,1.2666666666666664
2023,OND,1.9,11,El Nino,1.7,1.5,1.3,1.4999999999999998
2023,NDJ,2.0,12,El Nino,1.9,1.7,1.5,1.6999999999999995
2024,DJF,1.8,1,El Nino,2.0,1.9,1.7,1.8666666666666663
2024,JFM,1.5,2,El Nino,1.8,2.0,1.9,1.8999999999999995
2024,FMA,1.2,3,El Nino,1.5,1.8,2.0,1.7666666666666664
2024,MAM,0.8,4,El Nino,1.2,1.5,1.8,1.4999999999999998
2024,AMJ,0.4,5,Neutral,0.8,1.2,1.5,1.1666666666666663
2024,MJJ,0.2,6,Neutral,0.4,0.8,1.2,0.7999999999999997
2024,JJA,0.1,7,Neutral,0.2,0.4,0.8,0.4666666666666664
2024,JAS,0.0,8,Neutral,0.1,0.2,0.4,0.23333333333333306
2024,ASO,-0.1,9,Neutral,0.0,0.1,0.2,0.09999999999999971
2024,SON,-0.2,10,Neutral,-0.1,0.0,0.1,-2.9605947323337506e-16
2024,OND,-0.3,11,Neutral,-0.2,-0.1,0.0,-0.10000000000000031
2024,NDJ,-0.4,12,Neutral,-0.3,-0.2,-0.1,-0.2000000000000003
2025,DJF,-0.5,1,La Nina,-0.4,-0.3,-0.2,-0.3000000000000003
2025,JFM,-0.2,2,Neutral,-0.5,-0.4,-0.3,-0.4000000000000003
2025,FMA,-0.1,3,Neutral,-0.2,-0.5,-0.4,-0.366666666666667
2025,MAM,0.0,4,Neutral,-0.1,-0.2,-0.5,-0.266666666666667
2025,AMJ,0.0,5,Neutral,0.0,-0.1,-0.2,-0.10000000000000031
2025,MJJ,0.0,6,Neutral,0.0,0.0,-0.1,-0.03333333333333363
2025,JJA,-0.1,7,Neutral,0.0,0.0,0.0,0.0
2025,JAS,-0.3,8,Neutral,-0.1,0.0,0.0,-0.03333333333333363
2025,ASO,-0.4,9,Neutral,-0.3,-0.1,0.0,-0.13333333333333364
2025,SON,-0.6,10,La Nina,-0.4,-0.3,-0.1,-0.266666666666667
2025,OND,-0.6,11,La Nina,-0.6,-0.4,-0.3,-0.43333333333333357
2025,NDJ,-0.6,12,La Nina,-0.6,-0.6,-0.4,-0.5333333333333335
2026,DJF,-0.4,1,Neutral,-0.6,-0.6,-0.6,-0.6
2026,JFM,-0.2,2,Neutral,-0.4,-0.6,-0.6,-0.5333333333333335
2026,FMA,0.1,3,Neutral,-0.2,-0.4,-0.6,-0.4000000000000003
2026,MAM,0.5,4,El Nino,0.1,-0.2,-0.4,-0.16666666666666693
2026,AMJ,0.9,5,El Nino,0.5,0.1,-0.2,0.13333333333333308
2026,MJJ,1.4,6,El Nino,0.9,0.5,0.1,0.4999999999999997
2026,JJA,1.8,7,El Nino,1.4,0.9,0.5,0.933333333333333
